accession	organism	exp_type	diseases	organism_parts_combined	raw_counts_file	description
E-CURD-146	Homo sapiens	rnaseq_mrna_baseline	bacterial disease,multisystem inflammatory syndrome in children,viral disease	blood	http://ftp.ebi.ac.uk/pub/databases/microarray/data/atlas/experiments/E-CURD-146/E-CURD-146-raw-counts.tsv	Diagnosis of multisystem inflammatory syndrome in children (MIS-C) by a whole-blood transcriptional signature
E-CURD-45	Homo sapiens	rnaseq_mrna_differential	intrahepatic cholangiocarcinoma	liver	http://ftp.ebi.ac.uk/pub/databases/microarray/data/atlas/experiments/E-CURD-45/E-CURD-45-raw-counts.tsv	Massive parallel sequencing uncovers actionable FGFR2-PPHLN1 fusion and ARAF mutations in intrahepatic cholangiocarcinoma
E-ENAD-46	Homo sapiens	rnaseq_mrna_differential	COVID-19	colon,lung	http://ftp.ebi.ac.uk/pub/databases/microarray/data/atlas/experiments/E-ENAD-46/E-ENAD-46-raw-counts.tsv	Lung and colon transcriptome profiling of fatal COVID-19 cases
E-GEOD-101794	Homo sapiens	rnaseq_mrna_differential	Crohn's disease	ileum	http://ftp.ebi.ac.uk/pub/databases/microarray/data/atlas/experiments/E-GEOD-101794/E-GEOD-101794-raw-counts.tsv	RNA-seq of ileal biopsies from diagnostic endoscopy of pediatric Crohn's disease patients and non inflammatory bowel disease controls
E-GEOD-103170	Homo sapiens	rnaseq_mrna_differential	systemic-onset juvenile idiopathic arthritis	blood	http://ftp.ebi.ac.uk/pub/databases/microarray/data/atlas/experiments/E-GEOD-103170/E-GEOD-103170-raw-counts.tsv	Neutrophils in systemic onset Juvenile Idiopathic Arthritis display sepsis-like features which can be reverted by IL-1 blockade
E-GEOD-103501	Homo sapiens	rnaseq_mrna_differential	inactive, untreated,systemic-onset juvenile idiopathic arthritis	blood	http://ftp.ebi.ac.uk/pub/databases/microarray/data/atlas/experiments/E-GEOD-103501/E-GEOD-103501-raw-counts.tsv	A multidimensional blood stimulation assay reveals immune alterations underlying systemic juvenile idiopathic arthritis [RNA-Seq]
E-GEOD-104288	Homo sapiens	rnaseq_mrna_differential	Friedreich ataxia	skin	http://ftp.ebi.ac.uk/pub/databases/microarray/data/atlas/experiments/E-GEOD-104288/E-GEOD-104288-raw-counts.tsv	Comprehensive Analysis of Gene Expression Patterns in Friedreich’s Ataxia Fibroblasts by RNA Sequencing Reveals Altered Levels of Protein Synthesis Factors and Solute Carriers
E-GEOD-112057	Homo sapiens	rnaseq_mrna_differential	Crohn disease,oligoarticular juvenile idiopathic arthritis,polyarticular juvenile idiopathic arthritis,systemic-onset juvenile idiopathic arthritis,ulcerative colitis (disease)	blood	http://ftp.ebi.ac.uk/pub/databases/microarray/data/atlas/experiments/E-GEOD-112057/E-GEOD-112057-raw-counts.tsv	Whole Blood Transcriptome Profiling in Juvenile Idiopathic Arthritis and Inflammatory Bowel Disease
E-GEOD-150316	Homo sapiens	rnaseq_mrna_differential	COVID-19	lung	http://ftp.ebi.ac.uk/pub/databases/microarray/data/atlas/experiments/E-GEOD-150316/E-GEOD-150316-raw-counts.tsv	Spectrum of Viral Load and Host Response Seen in Autopsies of SARS-CoV-2 Infected Lungs
E-GEOD-22260	Homo sapiens	rnaseq_mrna_differential	prostate carcinoma	prostate	http://ftp.ebi.ac.uk/pub/databases/microarray/data/atlas/experiments/E-GEOD-22260/E-GEOD-22260-raw-counts.tsv	Comparative transcriptomic analysis of prostate cancer and matched normal tissue using RNA-seq
E-GEOD-24283	Homo sapiens	rnaseq_mrna_differential	prostate adenocarcinoma	prostate	http://ftp.ebi.ac.uk/pub/databases/microarray/data/atlas/experiments/E-GEOD-24283/E-GEOD-24283-raw-counts.tsv	Deep transcriptional sequencing analysis of human prostate adenocarcinoma and reference samples
E-GEOD-30573	Homo sapiens	rnaseq_mrna_differential	autism	brain	http://ftp.ebi.ac.uk/pub/databases/microarray/data/atlas/experiments/E-GEOD-30573/E-GEOD-30573-raw-counts.tsv	Transcriptomic analysis of autistic brain reveals convergent molecular pathology [high-throughput sequence data]
E-GEOD-32424	Homo sapiens	rnaseq_mrna_differential	esophageal squamous cell carcinoma	esophagus	http://ftp.ebi.ac.uk/pub/databases/microarray/data/atlas/experiments/E-GEOD-32424/E-GEOD-32424-raw-counts.tsv	Transcription profiling by high throughput sequencing in esophageal squamous cell carcinoma cells.
E-GEOD-33294	Homo sapiens	rnaseq_mrna_differential	hepatocellular carcinoma	liver	http://ftp.ebi.ac.uk/pub/databases/microarray/data/atlas/experiments/E-GEOD-33294/E-GEOD-33294-raw-counts.tsv	Transcriptome sequencing of human hepatocellular carcinoma
E-GEOD-33601	Homo sapiens	rnaseq_mrna_differential	mucosal leishmaniasis	skin	http://ftp.ebi.ac.uk/pub/databases/microarray/data/atlas/experiments/E-GEOD-33601/E-GEOD-33601-raw-counts.tsv	Human transcriptome pattern of primary cutaneous lesions from patients with localized cutaneous leishmaniasis and mucosal leishmaniasis
E-GEOD-36761	Homo sapiens	rnaseq_mrna_differential	Tetralogy of Fallot	heart right ventricle	http://ftp.ebi.ac.uk/pub/databases/microarray/data/atlas/experiments/E-GEOD-36761/E-GEOD-36761-raw-counts.tsv	RNA-seq of heart right ventricle from 22 patients with Tetralogy of Fallot and healthy individuals
E-GEOD-41745	Homo sapiens	rnaseq_mrna_differential	psoriasis	skin	http://ftp.ebi.ac.uk/pub/databases/microarray/data/atlas/experiments/E-GEOD-41745/E-GEOD-41745-raw-counts.tsv	Transcriptional Profiling of Psoriasis Using RNA-seq Reveals Previously Unidentified Differentially Expressed genes
E-GEOD-46513	Homo sapiens	rnaseq_mrna_differential	colon sessile serrated adenoma/polyp,sessile serrated polyp	colon	http://ftp.ebi.ac.uk/pub/databases/microarray/data/atlas/experiments/E-GEOD-46513/E-GEOD-46513-raw-counts.tsv	RNA-sequencing analysis of 5' capped RNAs identifies novel differentially expressed genes in sessile serrated colon polyps (SSPs)
E-GEOD-48403	Homo sapiens	rnaseq_mrna_differential	prostate carcinoma	prostate	http://ftp.ebi.ac.uk/pub/databases/microarray/data/atlas/experiments/E-GEOD-48403/E-GEOD-48403-raw-counts.tsv	Transcription profiling by high throughput sequencing of advanced prostate cancer treated with androgen-deprivation therapy
E-GEOD-48812	Homo sapiens	rnaseq_mrna_differential	prostate carcinoma		http://ftp.ebi.ac.uk/pub/databases/microarray/data/atlas/experiments/E-GEOD-48812/E-GEOD-48812-raw-counts.tsv	Genome-wide transcriptome analysis of the dietary chemopreventive phytochemical sulforaphane on normal and prostate cancer cells.
E-GEOD-48850	Homo sapiens	rnaseq_mrna_differential	papillary thyroid carcinoma	thyroid gland	http://ftp.ebi.ac.uk/pub/databases/microarray/data/atlas/experiments/E-GEOD-48850/E-GEOD-48850-raw-counts.tsv	Novel kinase fusion oncogenes in post-Chernobyl radiation-induced pediatric thyroid cancers
E-GEOD-49155	Homo sapiens	rnaseq_mrna_differential	squamous cell carcinoma	lung	http://ftp.ebi.ac.uk/pub/databases/microarray/data/atlas/experiments/E-GEOD-49155/E-GEOD-49155-raw-counts.tsv	Transcription profiling by high throughput sequencing in lung squamous cell carcinoma, premalignant lesions and normal cells
E-GEOD-50760	Homo sapiens	rnaseq_mrna_differential	Stage IV Colorectal Cancer,colorectal cancer	colon,liver	http://ftp.ebi.ac.uk/pub/databases/microarray/data/atlas/experiments/E-GEOD-50760/E-GEOD-50760-raw-counts.tsv	RNA-seq of 54 samples (normal colon, primary tumor, and liver metastases) from 18 colorectal cancer patients
E-GEOD-51005	Homo sapiens	rnaseq_mrna_differential	prostate carcinoma	prostate	http://ftp.ebi.ac.uk/pub/databases/microarray/data/atlas/experiments/E-GEOD-51005/E-GEOD-51005-raw-counts.tsv	Next generation sequencing of advanced non-castrate prostate cancer treated with docetaxel chemotherapy
E-GEOD-51403	Homo sapiens	rnaseq_mrna_differential	breast carcinoma		http://ftp.ebi.ac.uk/pub/databases/microarray/data/atlas/experiments/E-GEOD-51403/E-GEOD-51403-raw-counts.tsv	Transcription profiling by high throughput  sequencing of MCF7 cell treated with E2
E-GEOD-52194	Homo sapiens	rnaseq_mrna_differential	breast carcinoma	breast	http://ftp.ebi.ac.uk/pub/databases/microarray/data/atlas/experiments/E-GEOD-52194/E-GEOD-52194-raw-counts.tsv	RNA-seq of 17 breast tumor samples of three different subtypes and normal human breast organoids samples
E-GEOD-52202	Homo sapiens	rnaseq_mrna_differential	ALS		http://ftp.ebi.ac.uk/pub/databases/microarray/data/atlas/experiments/E-GEOD-52202/E-GEOD-52202-raw-counts.tsv	Transcription profiling by high throughput sequencing of iPSC derived motor neuron cultures from C9ORF72 carriers
E-GEOD-52249	Homo sapiens	rnaseq_mrna_differential	Down syndrome	skin	http://ftp.ebi.ac.uk/pub/databases/microarray/data/atlas/experiments/E-GEOD-52249/E-GEOD-52249-raw-counts.tsv	RNA-seq of induced pluripotent stem cells from monozygotic twins discordant for trisomy 21
E-GEOD-52463	Homo sapiens	rnaseq_mrna_differential	idiopathic pulmonary fibrosis	lung	http://ftp.ebi.ac.uk/pub/databases/microarray/data/atlas/experiments/E-GEOD-52463/E-GEOD-52463-raw-counts.tsv	Transcriptome analysis reveals differential splicing events in IPF lung tissue
E-GEOD-52946	Homo sapiens	rnaseq_mrna_differential	sporadic ALS	spinal cord	http://ftp.ebi.ac.uk/pub/databases/microarray/data/atlas/experiments/E-GEOD-52946/E-GEOD-52946-raw-counts.tsv	miR-155 plays a crucial role in ALS and is an immune therapeutic target [RNA-Seq]
E-GEOD-53239	Homo sapiens	rnaseq_mrna_differential	bipolar disorder	dorsolateral prefrontal cortex	http://ftp.ebi.ac.uk/pub/databases/microarray/data/atlas/experiments/E-GEOD-53239/E-GEOD-53239-raw-counts.tsv	RNA-sequencing of the brain transcriptome implicates dysregulation of neuroplasticity, circadian rhythms, and GTPase binding in bipolar disorder
E-GEOD-54456	Homo sapiens	rnaseq_mrna_differential	psoriasis	skin	http://ftp.ebi.ac.uk/pub/databases/microarray/data/atlas/experiments/E-GEOD-54456/E-GEOD-54456-raw-counts.tsv	Transcriptome analysis of psoriasis in a large case-control sample:  RNA-seq provides insights into disease mechanisms
E-GEOD-55048	Homo sapiens	rnaseq_mrna_differential	hepatocellular carcinoma	liver	http://ftp.ebi.ac.uk/pub/databases/microarray/data/atlas/experiments/E-GEOD-55048/E-GEOD-55048-raw-counts.tsv	Transcriptomic characterization of Hepatocellular Carcinoma with CTNNB1 mutation
E-GEOD-55282	Homo sapiens	rnaseq_mrna_differential	coronal craniosynostosis,lambdoid craniosynostosis,metopic craniosynostosis,sagittal craniosynostosis	skull	http://ftp.ebi.ac.uk/pub/databases/microarray/data/atlas/experiments/E-GEOD-55282/E-GEOD-55282-raw-counts.tsv	Transcription profiling by high throughput sequencing in osteoblast cultures from non-syndromic craniosynostosis bone
E-GEOD-56087	Homo sapiens	rnaseq_mrna_differential	endometrial carcinoma	endometrium	http://ftp.ebi.ac.uk/pub/databases/microarray/data/atlas/experiments/E-GEOD-56087/E-GEOD-56087-raw-counts.tsv	Next Generation Sequencing identifying the dosage compensation state in human endometrial carcinoma and adjacent tissues
E-GEOD-56267	Homo sapiens	rnaseq_mrna_differential	cortical ischemic stroke	cerebral cortex	http://ftp.ebi.ac.uk/pub/databases/microarray/data/atlas/experiments/E-GEOD-56267/E-GEOD-56267-raw-counts.tsv	Transcription profiling by high throughput sequencing of cerebral cortex after cortical stroke in humans
E-GEOD-56787	Homo sapiens	rnaseq_mrna_differential	facioscapulohumeral dystrophy	muscle,myotube	http://ftp.ebi.ac.uk/pub/databases/microarray/data/atlas/experiments/E-GEOD-56787/E-GEOD-56787-raw-counts.tsv	DUX4-induced gene expression is the major molecular signature in FSHD skeletal muscle
E-GEOD-57253	Homo sapiens	rnaseq_mrna_differential	NLRC4-Macrophage Activation Syndrome,neonatal-onset multisystem inflammatory disease	blood	http://ftp.ebi.ac.uk/pub/databases/microarray/data/atlas/experiments/E-GEOD-57253/E-GEOD-57253-raw-counts.tsv	An activating NLRC4 inflammasome mutation causes autoinflammation with recurrent macrophage activation syndrome
E-GEOD-57803	Homo sapiens	rnaseq_mrna_differential	acromegaly	adipose	http://ftp.ebi.ac.uk/pub/databases/microarray/data/atlas/experiments/E-GEOD-57803/E-GEOD-57803-raw-counts.tsv	Gene Expression Signature in Adipose Tissue of Acromegaly Patients
E-GEOD-57945	Homo sapiens	rnaseq_mrna_differential	Crohn's disease,ulcerative colitis	ileum	http://ftp.ebi.ac.uk/pub/databases/microarray/data/atlas/experiments/E-GEOD-57945/E-GEOD-57945-raw-counts.tsv	RNA-seq of 359 treatment-naive pediatric patients with Crohn's disease, patients with ulcerative colitis and control individuals
E-GEOD-59612	Homo sapiens	rnaseq_mrna_differential	glioma	brain	http://ftp.ebi.ac.uk/pub/databases/microarray/data/atlas/experiments/E-GEOD-59612/E-GEOD-59612-raw-counts.tsv	Transcription profiling by high throughput sequencing in the margins of glioblastoma
E-GEOD-60052	Homo sapiens	rnaseq_mrna_differential	small cell lung carcinoma	lung	http://ftp.ebi.ac.uk/pub/databases/microarray/data/atlas/experiments/E-GEOD-60052/E-GEOD-60052-raw-counts.tsv	RNA-seq of primary tumors from 79 small cell lung cancer patients and 7 normal lung tissue
E-GEOD-60424	Homo sapiens	rnaseq_mrna_differential	ALS,Type 1 Diabetes,multiple sclerosis,sepsis		http://ftp.ebi.ac.uk/pub/databases/microarray/data/atlas/experiments/E-GEOD-60424/E-GEOD-60424-raw-counts.tsv	Next generation sequencing of human immune cell subsets across diseases
E-GEOD-61141	Homo sapiens	rnaseq_mrna_differential	asthma	lung	http://ftp.ebi.ac.uk/pub/databases/microarray/data/atlas/experiments/E-GEOD-61141/E-GEOD-61141-raw-counts.tsv	Phenotypic responses of differentiated asthmatic human airway epithelial cultures to rhinovirus
E-GEOD-61162	Homo sapiens	rnaseq_mrna_differential	chronic myelomonocytic leukemia type 1	bone marrow	http://ftp.ebi.ac.uk/pub/databases/microarray/data/atlas/experiments/E-GEOD-61162/E-GEOD-61162-raw-counts.tsv	Transcription profiling by high throughput sequencing of response to decitabine in chronic myelomonocytic leukemia (CMML)
E-GEOD-61490	Homo sapiens	rnaseq_mrna_differential	chronic periodontitis	blood	http://ftp.ebi.ac.uk/pub/databases/microarray/data/atlas/experiments/E-GEOD-61490/E-GEOD-61490-raw-counts.tsv	RNA-seq of peripheral blood monocytes in 5 non-smoking moderate to severe chronic periodontitis individuals
E-GEOD-63042	Homo sapiens	rnaseq_mrna_differential	sepsis	blood	http://ftp.ebi.ac.uk/pub/databases/microarray/data/atlas/experiments/E-GEOD-63042/E-GEOD-63042-raw-counts.tsv	Transcription profiling by high throughput sequencing of sepsis survival and death
E-GEOD-63085	Homo sapiens	rnaseq_mrna_differential	Lyme disease	blood	http://ftp.ebi.ac.uk/pub/databases/microarray/data/atlas/experiments/E-GEOD-63085/E-GEOD-63085-raw-counts.tsv	RNA-seq of peripheral mononuclear blood cells from 29 Lyme disease patients at 3 time points
E-GEOD-63569	Homo sapiens	rnaseq_mrna_differential	myelodysplastic syndrome	bone marrow	http://ftp.ebi.ac.uk/pub/databases/microarray/data/atlas/experiments/E-GEOD-63569/E-GEOD-63569-raw-counts.tsv	RNA-seq of bone marrow CD34+ cells from myelodysplastic syndrome patients with and without SF3B1 mutation and from healthy controls
E-GEOD-64912	Homo sapiens	rnaseq_mrna_differential	papillary thyroid carcinoma	thyroid	http://ftp.ebi.ac.uk/pub/databases/microarray/data/atlas/experiments/E-GEOD-64912/E-GEOD-64912-raw-counts.tsv	RNA-Sequencing of human papillary thyroid carcinomas
E-GEOD-65485	Homo sapiens	rnaseq_mrna_differential	hepatocellular carcinoma	liver	http://ftp.ebi.ac.uk/pub/databases/microarray/data/atlas/experiments/E-GEOD-65485/E-GEOD-65485-raw-counts.tsv	Next Generation Sequencing Identification of HBV-MLL4 integration and its molecular basis in Chinese hepatocellular carcinoma
E-GEOD-66207	Homo sapiens	rnaseq_mrna_differential	B1, non-strictuing, non-penetrating,B2, stricturing,B3, penetrating,Crohn's disease	colon	http://ftp.ebi.ac.uk/pub/databases/microarray/data/atlas/experiments/E-GEOD-66207/E-GEOD-66207-raw-counts.tsv	mRNA and small RNA associated with Crohn's disease behavior [RNA-Seq]
E-GEOD-66301	Homo sapiens	rnaseq_mrna_differential	ductal carcinoma in situ	breast	http://ftp.ebi.ac.uk/pub/databases/microarray/data/atlas/experiments/E-GEOD-66301/E-GEOD-66301-raw-counts.tsv	Gene expression profiling of patient's DCIS-IDC tandem lesions by RNA sequencing analysis
E-GEOD-66573	Homo sapiens	rnaseq_mrna_differential	relapsing-remitting multiple sclerosis	blood	http://ftp.ebi.ac.uk/pub/databases/microarray/data/atlas/experiments/E-GEOD-66573/E-GEOD-66573-raw-counts.tsv	RNA-seq of peripheral blood from healthy controls and established relapsing-remitting multiple sclerosis patients
E-GEOD-67196	Homo sapiens	rnaseq_mrna_differential	amyotrophic lateral sclerosis,amyotrophic lateral sclerosis with C9orf72 repeat expansion,amyotrophic lateral sclerosis without C9orf72 repeat expansion	cerebellum,frontal cortex	http://ftp.ebi.ac.uk/pub/databases/microarray/data/atlas/experiments/E-GEOD-67196/E-GEOD-67196-raw-counts.tsv	Transcription profiling by high throughput sequencing of cerebellum and frontal cortex from patients of amyotrophic lateral sclerosis
E-GEOD-67333	Homo sapiens	rnaseq_mrna_differential	Alzheimer's disease	hippocampus	http://ftp.ebi.ac.uk/pub/databases/microarray/data/atlas/experiments/E-GEOD-67333/E-GEOD-67333-raw-counts.tsv	Transcriptomics profiling of Alzheimer's disease reveal novel molecular targets
E-GEOD-67812	Homo sapiens	rnaseq_mrna_differential	Myotonic dystrophy	heart left ventricle	http://ftp.ebi.ac.uk/pub/databases/microarray/data/atlas/experiments/E-GEOD-67812/E-GEOD-67812-raw-counts.tsv	RNA-seq of myotonic dystrophic and control heart samples
E-GEOD-68086	Homo sapiens	rnaseq_mrna_differential	breast carcinoma,colorectal carcinoma,glioblastoma,glioblastoma multiforme,hepatobiliary carcinoma,non-small cell lung carcinoma,pancreatic adenocarcinoma	blood	http://ftp.ebi.ac.uk/pub/databases/microarray/data/atlas/experiments/E-GEOD-68086/E-GEOD-68086-raw-counts.tsv	RNA-seq of blood platelets from six tumor types and healthy donors
E-GEOD-69597	Homo sapiens	rnaseq_mrna_differential	Leishmaniasis,acute brucellosis,brucellosis,chronic brucellosis, less than 10 years,not available	blood	http://ftp.ebi.ac.uk/pub/databases/microarray/data/atlas/experiments/E-GEOD-69597/E-GEOD-69597-raw-counts.tsv	RNA-seq of blood from 105 patients with brucellosis, 17 patients with Leishmaniasis and 47 healthy controls
E-GEOD-71595	Homo sapiens	rnaseq_mrna_differential	juvenile idiopathic arthritis	blood,synovial fluid	http://ftp.ebi.ac.uk/pub/databases/microarray/data/atlas/experiments/E-GEOD-71595/E-GEOD-71595-raw-counts.tsv	RNA-sequencing of cells derived from the site of inflammation of Juvenile Idiopathic Arthritis patients
E-GEOD-72509	Homo sapiens	rnaseq_mrna_differential	systemic lupus erythematosus	blood	http://ftp.ebi.ac.uk/pub/databases/microarray/data/atlas/experiments/E-GEOD-72509/E-GEOD-72509-raw-counts.tsv	RNA-seq of blood cells from 99 systemic lupus erythematosus patients and 18 healthy controls
E-GEOD-75011	Homo sapiens	rnaseq_mrna_differential	allergic rhinitis,asthma	blood	http://ftp.ebi.ac.uk/pub/databases/microarray/data/atlas/experiments/E-GEOD-75011/E-GEOD-75011-raw-counts.tsv	RNA-seq of Th2 cells from subjects with allergic asthma, allergic rhinitis or healthy non-atopic subjects
E-GEOD-75852	Homo sapiens	rnaseq_mrna_differential	Ataxia-telangiectasia	skin	http://ftp.ebi.ac.uk/pub/databases/microarray/data/atlas/experiments/E-GEOD-75852/E-GEOD-75852-raw-counts.tsv	Human iPSC-Derived Cerebellar Neurons from a Patient with Ataxia-Telangiectasia Reveal Disrupted Gene Regulatory Networks
E-GEOD-76987	Homo sapiens	rnaseq_mrna_differential	adenomatous colon polyp,colon adenocarcinoma,colon hyperplastic polyp,colon sessile serrated adenoma/polyp,uninvolved mucosa	colon,left colon,right colon,right colon, left colon	http://ftp.ebi.ac.uk/pub/databases/microarray/data/atlas/experiments/E-GEOD-76987/E-GEOD-76987-raw-counts.tsv	RNA-seq of 21 sessile serrated colon adenoma/polyps, 10 hyperplastic polyps, 10 adenomas, 21 uninvolved colon and 20 control colon specimens
E-GEOD-77598	Homo sapiens	rnaseq_mrna_differential	multiple sclerosis	blood	http://ftp.ebi.ac.uk/pub/databases/microarray/data/atlas/experiments/E-GEOD-77598/E-GEOD-77598-raw-counts.tsv	RNA-seq of human monocytes from subjects affected with multiple sclerosis
E-GEOD-78936	Homo sapiens	rnaseq_mrna_differential	bipolar disorder,schizophrenia	Brodmann (1909) area 11,Brodmann (1909) area 24,Brodmann (1909) area 9	http://ftp.ebi.ac.uk/pub/databases/microarray/data/atlas/experiments/E-GEOD-78936/E-GEOD-78936-raw-counts.tsv	RNA-seq of three brain regions from schizophrenia and bipolar disorder patients and psychiatrically normal individuals
E-GEOD-79970	Homo sapiens	rnaseq_mrna_differential	active, on treatment,active, untreated,remission, on treatment,rheumatoid factor-negative juvenile idiopathic arthritis	blood	http://ftp.ebi.ac.uk/pub/databases/microarray/data/atlas/experiments/E-GEOD-79970/E-GEOD-79970-raw-counts.tsv	Peripheral Blood Mononuclear Cells (PBMC) Gene Expression-Based Biomarkers in Juvenile Idiopathic Arthritis (JIA)
E-GEOD-81089	Homo sapiens	rnaseq_mrna_differential	non-small cell lung carcinoma	lung	http://ftp.ebi.ac.uk/pub/databases/microarray/data/atlas/experiments/E-GEOD-81089/E-GEOD-81089-raw-counts.tsv	RNA-seq of 199 non-small cell lung carcinoma patients and 19 paired normal lung tissues
E-GEOD-81259	Homo sapiens	rnaseq_mrna_differential	oligoarticular juvenile idiopathic arthritis or polyarticular juvenile idiopathic arthritis	blood	http://ftp.ebi.ac.uk/pub/databases/microarray/data/atlas/experiments/E-GEOD-81259/E-GEOD-81259-raw-counts.tsv	Transcriptional profiling reveals monocyte signature associated with JIA patient poor response to methotrexate
E-GEOD-83322	Homo sapiens	rnaseq_mrna_baseline	obesity	adipose tissue,liver	http://ftp.ebi.ac.uk/pub/databases/microarray/data/atlas/experiments/E-GEOD-83322/E-GEOD-83322-raw-counts.tsv	Next Generation Sequencing of liver and subcutaneous fat tissues obtained from obese subjects
E-GEOD-83415	Homo sapiens	rnaseq_mrna_differential	active, on treatment,rheumatoid factor-negative juvenile idiopathic arthritis	blood	http://ftp.ebi.ac.uk/pub/databases/microarray/data/atlas/experiments/E-GEOD-83415/E-GEOD-83415-raw-counts.tsv	CD4+ T Cells Gene Expression-Based Biomarkers in Juvenile Idiopathic Arthritis (JIA)
E-GEOD-83687	Homo sapiens	rnaseq_mrna_differential	Crohn's disease,ulcerative colitis	ileum, caecum, right colon, sigmoid colon, colon, small intestine, left colon,ileum, rectum, small intestine, right colon, left colon, sigmoid colon	http://ftp.ebi.ac.uk/pub/databases/microarray/data/atlas/experiments/E-GEOD-83687/E-GEOD-83687-raw-counts.tsv	RNA-seq of 134 patients undergoing bowel resection for inflammatory bowel disease and controls
E-GEOD-93624	Homo sapiens	rnaseq_mrna_differential	Crohn's disease	ileum	http://ftp.ebi.ac.uk/pub/databases/microarray/data/atlas/experiments/E-GEOD-93624/E-GEOD-93624-raw-counts.tsv	RNA-seq of 210 treatment-naïve patients of pediatric Crohn's disease and 35 non-IBD controls from the RISK study
E-GEOD-95132	Homo sapiens	rnaseq_mrna_differential	colorectal cancer	colon	http://ftp.ebi.ac.uk/pub/databases/microarray/data/atlas/experiments/E-GEOD-95132/E-GEOD-95132-raw-counts.tsv	RNA-seq of colorectal cancer primary tumor and adjacent colon tissue
E-MTAB-10232	Homo sapiens	rnaseq_mrna_differential	HIV-infection and hepatitis C virus infection	blood	http://ftp.ebi.ac.uk/pub/databases/microarray/data/atlas/experiments/E-MTAB-10232/E-MTAB-10232-raw-counts.tsv	RNA-seq to investigate gene expression after HCV eradication with IFN therapy in HIV/HCV-coinfected patients
E-MTAB-11622	Homo sapiens	rnaseq_mrna_baseline	organ donor	spleen	http://ftp.ebi.ac.uk/pub/databases/microarray/data/atlas/experiments/E-MTAB-11622/E-MTAB-11622-raw-counts.tsv	RNA-seq analysis of quiescent human splenic B cell populations
E-MTAB-11671	Homo sapiens	rnaseq_mrna_baseline	Kawasaki disease,Respiratory Syncytial Virus Infection,Staphylococcus aureus infection,Tuberculosis,adenovirus infection,escherichia coli infection,group A streptococcal infection,influenza,juvenile idiopathic arthritis,malaria,meningococcal infection,pneumococcal infection,rhinovirus infection	blood	http://ftp.ebi.ac.uk/pub/databases/microarray/data/atlas/experiments/E-MTAB-11671/E-MTAB-11671-raw-counts.tsv	RNA-Sequencing of whole blood samples from children with a range of acute febrile illnesses
E-MTAB-1776	Homo sapiens	rnaseq_mrna_differential	chronic lymphocytic leukemia		http://ftp.ebi.ac.uk/pub/databases/microarray/data/atlas/experiments/E-MTAB-1776/E-MTAB-1776-raw-counts.tsv	RNA-sequencing of human B cells to investigate chronic lymphocytic leukemia mutations observed in hematopoietic multipotent progenitor fractions
E-MTAB-3689	Homo sapiens	rnaseq_mrna_differential	Atrophy,Extensive atrophy,Gastritis		http://ftp.ebi.ac.uk/pub/databases/microarray/data/atlas/experiments/E-MTAB-3689/E-MTAB-3689-raw-counts.tsv	RNA-seq of gastric biopsies from subjects at different stages of gastric inflammation and histological changes.
E-MTAB-3708	Homo sapiens	rnaseq_mrna_baseline	astrocytoma,oligoastrocytoma,oligodendroglioma	brain	http://ftp.ebi.ac.uk/pub/databases/microarray/data/atlas/experiments/E-MTAB-3708/E-MTAB-3708-raw-counts.tsv	Low grade gliomas subtype analysis
E-MTAB-3823	Homo sapiens	rnaseq_mrna_differential	pancreatic carcinoma	blood	http://ftp.ebi.ac.uk/pub/databases/microarray/data/atlas/experiments/E-MTAB-3823/E-MTAB-3823-raw-counts.tsv	Transcription profiling by 3'-end sequencing of whole blood from pancreatic ductal adenocarcinoma (PDAC) patients and healthy controls for PDAC diagnosis
E-MTAB-4054	Homo sapiens	rnaseq_mrna_differential	, low-grade dysplasia,Barrett's esophagus,esophageal adenocarcinoma,esophageal adenocarcinoma, Barrett's esophagus,non-dysplastic	esophagus	http://ftp.ebi.ac.uk/pub/databases/microarray/data/atlas/experiments/E-MTAB-4054/E-MTAB-4054-raw-counts.tsv	Whole transcriptome profiling of Esophageal adenocarcinoma and Barrett's
E-MTAB-4902	Homo sapiens	rnaseq_mrna_differential	visceral Leishmaniasis	whole blood	http://ftp.ebi.ac.uk/pub/databases/microarray/data/atlas/experiments/E-MTAB-4902/E-MTAB-4902-raw-counts.tsv	RNA-seq of whole blood samples from human visceral leishmaniasis compared to samples from healthy uninfected controls
E-MTAB-5021	Homo sapiens	rnaseq_mrna_differential	prostate carcinoma	prostate	http://ftp.ebi.ac.uk/pub/databases/microarray/data/atlas/experiments/E-MTAB-5021/E-MTAB-5021-raw-counts.tsv	Transcriptional differences between the peripheral and the transcription zone of the prostate
E-MTAB-5060	Homo sapiens	rnaseq_mrna_differential	type II diabetes mellitus	islet of Langerhans	http://ftp.ebi.ac.uk/pub/databases/microarray/data/atlas/experiments/E-MTAB-5060/E-MTAB-5060-raw-counts.tsv	Whole-islet RNA-sequencing analysis of human pancreas from healthy individuals and type 2 diabetes patients
E-MTAB-5200	Homo sapiens	rnaseq_mrna_baseline	B-cell non-Hodgkin lymphoma,bladder transitional cell carcinoma,breast adenocarcinoma,cervical adenocarcinoma,cervical squamous cell carcinoma,cholangiocarcinoma,chromophobe renal cell carcinoma,chronic lymphocytic leukemia,colorectal adenocarcinoma,endometrial adenocarcinoma,esophageal adenocarcinoma,follicular thyroid carcinoma,gastric adenocarcinoma,glioblastoma multiforme,glioma,head and neck squamous cell carcinoma,hepatocellular carcinoma,invasive lobular carcinoma,lung adenocarcinoma,lymphoma,melanoma,normal - Brodmann (1909) area 24 (GTEx),normal - Brodmann (1909) area 9 (GTEx),normal - C1 segment of cervical spinal cord (GTEx),normal - adjacent to bladder transitional cell carcinoma,normal - adjacent to breast adenocarcinoma,normal - adjacent to cholangiocarcinoma,normal - adjacent to chromophobe renal cell carcinoma,normal - adjacent to endometrial adenocarcinoma,normal - adjacent to follicular thyroid carcinoma,normal - adjacent to gastric adenocarcinoma,normal - adjacent to head and neck squamous cell carcinoma,normal - adjacent to hepatocellular carcinoma,normal - adjacent to lung adenocarcinoma,normal - adjacent to prostate adenocarcinoma,normal - adjacent to renal cell carcinoma,normal - adjacent to squamous cell lung carcinoma,normal - amygdala (GTEx),normal - blood (GTEx),normal - breast (GTEx),normal - caudate nucleus (GTEx),normal - cerebellar hemisphere (GTEx),normal - cerebellum (GTEx),normal - cerebral cortex (GTEx),normal - cortex of kidney (GTEx),normal - ectocervix (GTEx),normal - endocervix (GTEx),normal - esophagogastric junction (GTEx),normal - esophagus mucosa (GTEx),normal - esophagus muscularis mucosa (GTEx),normal - hippocampus proper (GTEx),normal - hypothalamus (GTEx),normal - liver (GTEx),normal - lower leg skin (GTEx),normal - lung (GTEx),normal - minor salivary gland (GTEx),normal - nucleus accumbens (GTEx),normal - ovary (GTEx),normal - pancreas (GTEx),normal - prostate gland (GTEx),normal - putamen (GTEx),normal - sigmoid colon (GTEx),normal - skeletal muscle tissue (GTEx),normal - stomach (GTEx),normal - substantia nigra (GTEx),normal - suprapubic skin (GTEx),normal - thyroid gland (GTEx),normal - transverse colon (GTEx),normal - urinary bladder (GTEx),normal - uterus (GTEx),ovarian adenocarcinoma,pancreatic adenocarcinoma,prostate adenocarcinoma,renal cell carcinoma,sarcoma,squamous cell lung carcinoma	Brodmann (1909) area 24,Brodmann (1909) area 9,C1 segment of cervical spinal cord,amygdala,blood,brain,breast,caudate nucleus,cerebellar hemisphere,cerebellum,cerebral cortex,cortex of kidney,ectocervix,endocervix,esophagogastric junction,esophagus,esophagus mucosa,esophagus muscularis mucosa,hippocampus proper,hypothalamus,kidney,large intestine,liver,lower leg skin,lung,minor salivary gland,mouth mucosa,nucleus accumbens,ovary,pancreas,prostate gland,putamen,sigmoid colon,skeletal muscle organ,skeletal muscle tissue,skin,stomach,substantia nigra,suprapubic skin,thyroid gland,transverse colon,urinary bladder,uterine cervix,uterus	http://ftp.ebi.ac.uk/pub/databases/microarray/data/atlas/experiments/E-MTAB-5200/E-MTAB-5200-raw-counts.tsv	The International Cancer Genome project: Pan-Cancer Analysis of Whole Genomes (PCAWG)
E-MTAB-5423	Homo sapiens	rnaseq_mrna_baseline	B-cell non-Hodgkin lymphoma,bladder transitional cell carcinoma,breast adenocarcinoma,cervical adenocarcinoma,cervical squamous cell carcinoma,cholangiocarcinoma,chromophobe renal cell carcinoma,chronic lymphocytic leukemia,colorectal adenocarcinoma,endometrial adenocarcinoma,esophageal adenocarcinoma,follicular thyroid carcinoma,gastric adenocarcinoma,glioblastoma multiforme,glioma,head and neck squamous cell carcinoma,hepatocellular carcinoma,invasive lobular carcinoma,lung adenocarcinoma,lymphoma,melanoma,ovarian adenocarcinoma,pancreatic adenocarcinoma,prostate adenocarcinoma,renal cell carcinoma,sarcoma,squamous cell lung carcinoma	blood,brain,breast,esophagus,kidney,large intestine,liver,lung,mouth mucosa,ovary,pancreas,prostate gland,skeletal muscle organ,skeletal muscle tissue,skin,stomach,thyroid gland,urinary bladder,uterine cervix,uterus	http://ftp.ebi.ac.uk/pub/databases/microarray/data/atlas/experiments/E-MTAB-5423/E-MTAB-5423-raw-counts.tsv	The International Cancer Genome project: Pan-Cancer Analysis of Whole Genomes (PCAWG)- Alternative view by individual
E-MTAB-5464	Homo sapiens	rnaseq_mrna_differential	Crohn's disease,ulcerative colitis	ascending colon,sigmoid colon,terminal ileum	http://ftp.ebi.ac.uk/pub/databases/microarray/data/atlas/experiments/E-MTAB-5464/E-MTAB-5464-raw-counts.tsv	RNA sequencing of purified intestinal epithelial cells from paediatric biopsies including Inflammatory Bowel Disease and healthy controls
E-MTAB-567	Homo sapiens	rnaseq_mrna_differential	prostate carcinoma	prostate gland	http://ftp.ebi.ac.uk/pub/databases/microarray/data/atlas/experiments/E-MTAB-567/E-MTAB-567-raw-counts.tsv	RNA-seq of prostate cancer and adjacent normal tissues from 14 patients
E-MTAB-5678	Homo sapiens	rnaseq_mrna_differential	actinic keratosis,sebaceous of Jadassohn nevus,squamous cell carcinoma	skin	http://ftp.ebi.ac.uk/pub/databases/microarray/data/atlas/experiments/E-MTAB-5678/E-MTAB-5678-raw-counts.tsv	RNA-seq of a panel of non-melanoma skin cancer lesions
E-MTAB-5762	Homo sapiens	rnaseq_mrna_differential	uterine leiomyosarcoma	myometrium	http://ftp.ebi.ac.uk/pub/databases/microarray/data/atlas/experiments/E-MTAB-5762/E-MTAB-5762-raw-counts.tsv	Identification of driver genes in uterine leiomyosarcoma: RNA seq
E-MTAB-5783	Homo sapiens	rnaseq_mrna_differential	Crohn's disease	small intestine	http://ftp.ebi.ac.uk/pub/databases/microarray/data/atlas/experiments/E-MTAB-5783/E-MTAB-5783-raw-counts.tsv	RNA-seq of formalin-fixed, paraffin-embedded uninvolved terminal ileal tissue obtained from ileo-colic resection surgeries of Crohns disease and control patients
E-MTAB-6158	Homo sapiens	rnaseq_mrna_differential	pulmonary sarcoidosis	blood	http://ftp.ebi.ac.uk/pub/databases/microarray/data/atlas/experiments/E-MTAB-6158/E-MTAB-6158-raw-counts.tsv	RNA seq experiment of Treg cells isolated from peripheral blood of patients with pulmonary sarcoidosis compared to Treg cells from peripheral blood of healthy individuals
E-MTAB-6214	Homo sapiens	rnaseq_mrna_differential	metastatic melanoma	blood	http://ftp.ebi.ac.uk/pub/databases/microarray/data/atlas/experiments/E-MTAB-6214/E-MTAB-6214-raw-counts.tsv	Bulk RNA-seq validation experiment comparing blood from healthy donors and two groups of metastatic melanoma patients: responders and non-responders to anti-PD-1 immunotherapy
E-MTAB-6403	Homo sapiens	rnaseq_mrna_differential	colorectal cancer	colon	http://ftp.ebi.ac.uk/pub/databases/microarray/data/atlas/experiments/E-MTAB-6403/E-MTAB-6403-raw-counts.tsv	Genome-wide profiling reveals cancer-related genes have switched alternative polyadenylation sites in colorectal cancer
E-MTAB-6555	Homo sapiens	rnaseq_mrna_differential	psoriasis	blood	http://ftp.ebi.ac.uk/pub/databases/microarray/data/atlas/experiments/E-MTAB-6555/E-MTAB-6555-raw-counts.tsv	RNA-sequencing of the mRNA transcriptome in blood, across three time-points in severe psoriasis patients treated with the tumor necrosis factor (TNF) inhibitor, etanercept
E-MTAB-6556	Homo sapiens	rnaseq_mrna_differential	psoriasis	skin	http://ftp.ebi.ac.uk/pub/databases/microarray/data/atlas/experiments/E-MTAB-6556/E-MTAB-6556-raw-counts.tsv	RNA-sequencing of the mRNA transcriptome in lesional and non-lesional skin, across three time-points in severe psoriasis patients treated with the tumor necrosis factor (TNF) inhibitor, etanercept
E-MTAB-6597	Homo sapiens	rnaseq_mrna_differential	diffuse large B-cell lymphoma	lymph node	http://ftp.ebi.ac.uk/pub/databases/microarray/data/atlas/experiments/E-MTAB-6597/E-MTAB-6597-raw-counts.tsv	A multi-omics approach to decipher the complexity of drug resistance in diffuse large B-cell lymphoma
E-MTAB-6863	Homo sapiens	rnaseq_mrna_differential	advanced,liver disease,non-alcoholic fatty liver disease	liver	http://ftp.ebi.ac.uk/pub/databases/microarray/data/atlas/experiments/E-MTAB-6863/E-MTAB-6863-raw-counts.tsv	RNA-seq of hepatic biopsies taken from patients with chronic liver disease presenting with different aetiologies (HCV, FLD) and fibrosis stages.
E-MTAB-6957	Homo sapiens	rnaseq_mrna_differential	non-small cell lung carcinoma	lung	http://ftp.ebi.ac.uk/pub/databases/microarray/data/atlas/experiments/E-MTAB-6957/E-MTAB-6957-raw-counts.tsv	RNA profiling of non-small cell lung cancer
E-MTAB-7039	Homo sapiens	rnaseq_mrna_differential	endometrial carcinoma	endometrium	http://ftp.ebi.ac.uk/pub/databases/microarray/data/atlas/experiments/E-MTAB-7039/E-MTAB-7039-raw-counts.tsv	Identification of long non-coding RNA expression patterns useful for molecular-based classification of type I endometrial cancers
E-MTAB-7080	Homo sapiens	rnaseq_mrna_differential	connective tissue disease	blood	http://ftp.ebi.ac.uk/pub/databases/microarray/data/atlas/experiments/E-MTAB-7080/E-MTAB-7080-raw-counts.tsv	RNA-seq of blood from donors with connective tissue diseases in the Lupus Extended Phenotype Cohort
E-MTAB-7087	Homo sapiens	rnaseq_mrna_differential	Aicardi-Goutières syndrome	blood	http://ftp.ebi.ac.uk/pub/databases/microarray/data/atlas/experiments/E-MTAB-7087/E-MTAB-7087-raw-counts.tsv	Reverse transcriptase inhibitors in Aicardi-Goutières syndrome
E-MTAB-7143	Homo sapiens	rnaseq_mrna_differential	Uveal Melanoma	blood,liver	http://ftp.ebi.ac.uk/pub/databases/microarray/data/atlas/experiments/E-MTAB-7143/E-MTAB-7143-raw-counts.tsv	RNA-seq expression profiling of humain MAIT cells in blood and liver as compared to mainstream TCD4+ and TCD8+ cells.
E-MTAB-7456	Homo sapiens	rnaseq_mrna_differential	acute myeloid leukemia		http://ftp.ebi.ac.uk/pub/databases/microarray/data/atlas/experiments/E-MTAB-7456/E-MTAB-7456-raw-counts.tsv	Transcriptome analysis of AML samples at diagnosis and relapse after Hematopoietic Stem Cell Transplantation (HSCT)
E-MTAB-7472	Homo sapiens	rnaseq_mrna_differential	metastatic melanoma	blood,skin	http://ftp.ebi.ac.uk/pub/databases/microarray/data/atlas/experiments/E-MTAB-7472/E-MTAB-7472-raw-counts.tsv	RNA-Seq of human B cells after induction by human melanoma conditioned medium
E-MTAB-7604	Homo sapiens	rnaseq_mrna_differential	inflammatory bowel disease	ileum, colon	http://ftp.ebi.ac.uk/pub/databases/microarray/data/atlas/experiments/E-MTAB-7604/E-MTAB-7604-raw-counts.tsv	RNA-sequencing of inflamed intestinal mucosa of inflammatory bowel disease patients
E-MTAB-7860	Homo sapiens	rnaseq_mrna_differential	ulcerative colitis	colon,crypt of Lieberkuhn of colon	http://ftp.ebi.ac.uk/pub/databases/microarray/data/atlas/experiments/E-MTAB-7860/E-MTAB-7860-raw-counts.tsv	RNA-seq of biopsies, crypts and organoids of inflamed and non-inflamed biopsies of ulcerative colitis patients
E-MTAB-7886	Homo sapiens	rnaseq_mrna_differential	cutaneous melanoma	skin	http://ftp.ebi.ac.uk/pub/databases/microarray/data/atlas/experiments/E-MTAB-7886/E-MTAB-7886-raw-counts.tsv	Loss of Spry1 reduces growth of BRAFV600E-mutant cutaneous melanoma and improves response to targeted therapy
E-MTAB-7897	Homo sapiens	rnaseq_mrna_differential	rheumatoid arthritis	lymph node	http://ftp.ebi.ac.uk/pub/databases/microarray/data/atlas/experiments/E-MTAB-7897/E-MTAB-7897-raw-counts.tsv	RNA-Seq of human lymph node stromal cells during the earliest phases of rheumatoid arthritis
E-MTAB-7915	Homo sapiens	rnaseq_mrna_differential	sclerosing cholangitis,ulcerative colitis	colon	http://ftp.ebi.ac.uk/pub/databases/microarray/data/atlas/experiments/E-MTAB-7915/E-MTAB-7915-raw-counts.tsv	PSC-IBD mucosal biology
E-MTAB-7962	Homo sapiens	rnaseq_mrna_differential	NSAID-exacerbated respiratory disease	nasal cavity	http://ftp.ebi.ac.uk/pub/databases/microarray/data/atlas/experiments/E-MTAB-7962/E-MTAB-7962-raw-counts.tsv	Total RNAseq of human healthy control inferior turbinate and glucocorticoid-treated, NSAID-exacerbated respiratory disease (N-ERD) nasal polyp nasal brushings
E-MTAB-8031	Homo sapiens	rnaseq_mrna_differential	lung cancer	lung	http://ftp.ebi.ac.uk/pub/databases/microarray/data/atlas/experiments/E-MTAB-8031/E-MTAB-8031-raw-counts.tsv	An integrated approach to profile lung tumor endothelial cell heterogeneity across species and models and to identify angiogenic candidates
E-MTAB-8135	Homo sapiens	rnaseq_mrna_differential	gastric carcinoma	stomach	http://ftp.ebi.ac.uk/pub/databases/microarray/data/atlas/experiments/E-MTAB-8135/E-MTAB-8135-raw-counts.tsv	Global gene expression profiles of 10 gastric cancer (GC) samples and 10 gastric normal adjacent tissue (gNAT) samples
E-MTAB-8162	Homo sapiens	rnaseq_mrna_differential	active infection,latent infection,tuberculosis	blood component	http://ftp.ebi.ac.uk/pub/databases/microarray/data/atlas/experiments/E-MTAB-8162/E-MTAB-8162-raw-counts.tsv	Monocytes from people with active or latent TB stimulated in vitro with PPD
E-MTAB-8249	Homo sapiens	rnaseq_mrna_differential	HIV-1 infection	blood	http://ftp.ebi.ac.uk/pub/databases/microarray/data/atlas/experiments/E-MTAB-8249/E-MTAB-8249-raw-counts.tsv	High throughput sequencing of polyA-RNAs in HIV treated patients and healthy controls
E-MTAB-8301	Homo sapiens	rnaseq_mrna_differential	Benign adult familial myoclonic epilepsy	blood	http://ftp.ebi.ac.uk/pub/databases/microarray/data/atlas/experiments/E-MTAB-8301/E-MTAB-8301-raw-counts.tsv	RNA-seq comparing transcriptome of lymphoblastic cells from FAME patients and control individuals
E-MTAB-8531	Homo sapiens	rnaseq_mrna_differential	heart failure	skeletal muscle tissue	http://ftp.ebi.ac.uk/pub/databases/microarray/data/atlas/experiments/E-MTAB-8531/E-MTAB-8531-raw-counts.tsv	Transcriptomics analysis of skeletal muscle in humans with heart failure
E-MTAB-8549	Homo sapiens	rnaseq_mrna_differential	type II diabetes mellitus	subcutaneous adipose tissue	http://ftp.ebi.ac.uk/pub/databases/microarray/data/atlas/experiments/E-MTAB-8549/E-MTAB-8549-raw-counts.tsv	Effects of diets high in animal or plant protein on oxidative stress in individuals with type 2 diabetes: a randomized clinical trial
E-MTAB-8701	Homo sapiens	rnaseq_mrna_differential	myxosarcoma	myxoid and non-myxoid tissue	http://ftp.ebi.ac.uk/pub/databases/microarray/data/atlas/experiments/E-MTAB-8701/E-MTAB-8701-raw-counts.tsv	Atrial Myxomas Arise From Multipotent Myxoid Cardiac Stem Cells
E-MTAB-8803	Homo sapiens	rnaseq_mrna_differential	T3,not applicable,rectal adenocarcinoma	rectum	http://ftp.ebi.ac.uk/pub/databases/microarray/data/atlas/experiments/E-MTAB-8803/E-MTAB-8803-raw-counts.tsv	RNA seq of rectal tumour tissue and paired healthy tissue, with EpCAM purification
E-MTAB-8818	Homo sapiens	rnaseq_mrna_differential	active infection,asymptomatic,positive serology to Leishmania,visceral Leishmaniasis	blood	http://ftp.ebi.ac.uk/pub/databases/microarray/data/atlas/experiments/E-MTAB-8818/E-MTAB-8818-raw-counts.tsv	RNA-seq of blood samples from patients diagnosed with visceral leishmaniasis and asymptomatic individuals (Brazil)
E-MTAB-8875	Homo sapiens	rnaseq_mrna_differential	familial hemophagocytic lymphohistiocytosis 5	blood	http://ftp.ebi.ac.uk/pub/databases/microarray/data/atlas/experiments/E-MTAB-8875/E-MTAB-8875-raw-counts.tsv	RNAseq on PBMC of three patients with Familial Hemophagocytic Lymphohistiocytosis Type 5 (FHL5) and three age and sex-matched controls
E-MTAB-9045	Homo sapiens	rnaseq_mrna_differential	Cornelia de Lange syndrome	prefrontal cortex	http://ftp.ebi.ac.uk/pub/databases/microarray/data/atlas/experiments/E-MTAB-9045/E-MTAB-9045-raw-counts.tsv	Nuclear SLIC-CAGE of human cortical neurons from Cornelia de Lange Syndrome patients and control individuals
E-MTAB-9209	Homo sapiens	rnaseq_mrna_differential	adult acute myeloid leukemia	bone marrow	http://ftp.ebi.ac.uk/pub/databases/microarray/data/atlas/experiments/E-MTAB-9209/E-MTAB-9209-raw-counts.tsv	Transcriptome of primary acute myeloid leukemia (AML) cells treated with AICAr
E-MTAB-9658	Homo sapiens	rnaseq_mrna_differential	primary sclerosing cholangitis/ulcerative colitis,ulcerative colitis	caecum,ileum,rectum	http://ftp.ebi.ac.uk/pub/databases/microarray/data/atlas/experiments/E-MTAB-9658/E-MTAB-9658-raw-counts.tsv	Tissue-dependent transcriptional and bacterial associations in primary sclerosing cholangitis-associated inflammatory bowel disease
E-MTAB-9767	Homo sapiens	rnaseq_mrna_differential	multiple myeloma	blood	http://ftp.ebi.ac.uk/pub/databases/microarray/data/atlas/experiments/E-MTAB-9767/E-MTAB-9767-raw-counts.tsv	RNA-seq of human multiple myeloma patients myeloid-derived suppressor cells (M-MDSC)
E-MTAB-9950	Homo sapiens	rnaseq_mrna_differential	Parkinson's disease	blood	http://ftp.ebi.ac.uk/pub/databases/microarray/data/atlas/experiments/E-MTAB-9950/E-MTAB-9950-raw-counts.tsv	mRNA expression profiling of mitochondrial subunits in subjects with Parkinson’s disease
